{
    "red": {
        "lower": [
            93.69539007092199,
            94.17021276595744,
            180.65567375886525
        ],
        "upper": [
            134.0613475177305,
            142.24432624113476,
            218.88900709219857
        ]
    },
    "green": {
        "lower": [
            82.44574468085106,
            158.09432624113475,
            98.9386524822695
        ],
        "upper": [
            118.4163120567376,
            204.6950354609929,
            132.98156028368794
        ]
    },
    "blue": {
        "lower": [
            186.93120567375885,
            120.9436170212766,
            74.69432624113475
        ],
        "upper": [
            229.87340425531914,
            154.62056737588654,
            113.42659574468085
        ]
    },
    "yellow": {
        "lower": [
            92.6209219858156,
            153.24007092198582,
            184.6755319148936
        ],
        "upper": [
            133.97907801418438,
            205.8,
            242.75992907801418
        ]
    },
    "purple": {
        "lower": [
            186.80106382978724,
            98.2258865248227,
            152.86879432624113
        ],
        "upper": [
            230.65851063829788,
            139.37163120567376,
            191.77163120567377
        ]
    },
    "ojama": {
        "lower": [
            164.22836879432623,
            160.98652482269503,
            159.19468085106382
        ],
        "upper": [
            196.168085106383,
            191.81063829787234,
            192.69787234042553
        ]
    }
}