{
    "red": {
        "lower": [
            93.96063829787234,
            103.44858156028369,
            180.65567375886525
        ],
        "upper": [
            133.17695035460991,
            142.24432624113476,
            218.88900709219857
        ]
    },
    "green": {
        "lower": [
            82.44574468085106,
            158.09432624113475,
            98.9386524822695
        ],
        "upper": [
            117.02446808510638,
            191.7390070921986,
            128.39716312056737
        ]
    },
    "blue": {
        "lower": [
            186.93120567375885,
            120.9436170212766,
            74.69432624113475
        ],
        "upper": [
            229.87340425531914,
            154.62056737588654,
            112.16666666666667
        ]
    },
    "yellow": {
        "lower": [
            92.6209219858156,
            153.24007092198582,
            184.6755319148936
        ],
        "upper": [
            130.39858156028367,
            194.71347517730496,
            229.9695035460993
        ]
    },
    "purple": {
        "lower": [
            186.80106382978724,
            108.84929078014184,
            152.86879432624113
        ],
        "upper": [
            230.65851063829788,
            139.37163120567376,
            191.77163120567377
        ]
    },
    "ojama": {
        "lower": [
            164.22836879432623,
            160.98652482269503,
            159.19468085106382
        ],
        "upper": [
            196.168085106383,
            191.00744680851065,
            189.86170212765958
        ]
    }
}